sub,trial,targ,toofast,responded,corr,mult,time,rt
3LGT2,0,1,0,1,1,0,16616,531
3LGT2,1,0,0,0,1,0,18576,-1
3LGT2,2,0,0,0,1,0,20538,-1
3LGT2,3,0,0,0,1,0,22500,-1
3LGT2,4,0,0,0,1,0,24458,-1
3LGT2,5,0,0,0,1,0,26420,-1
3LGT2,6,0,0,0,1,0,28380,-1
3LGT2,7,1,0,1,1,0,30341,367
3LGT2,8,0,0,0,1,0,32298,-1
3LGT2,9,0,0,0,1,0,34259,-1
3LGT2,10,0,0,0,1,0,36220,-1
3LGT2,11,0,0,0,1,0,38178,-1
3LGT2,12,0,0,0,1,0,40138,-1
3LGT2,13,0,0,0,1,0,42099,-1
3LGT2,14,0,0,0,1,0,44056,-1
3LGT2,15,0,0,0,1,0,46014,-1
3LGT2,16,0,0,0,1,0,47974,-1
3LGT2,17,0,0,0,1,0,49934,-1
3LGT2,18,0,0,0,1,0,51894,-1
3LGT2,19,1,0,1,1,0,53854,473
3LGT2,20,0,0,0,1,0,55814,-1
3LGT2,21,0,0,0,1,0,57775,-1
3LGT2,22,0,0,0,1,0,59738,-1
3LGT2,23,1,0,1,1,0,61698,473
3LGT2,24,0,0,0,1,0,63655,-1
3LGT2,25,0,0,0,1,0,65615,-1
3LGT2,26,0,0,0,1,0,67576,-1
3LGT2,27,0,0,0,1,0,69536,-1
3LGT2,28,1,0,1,1,0,71496,396
3LGT2,29,0,0,0,1,0,73454,-1
3LGT2,30,0,0,0,1,0,75415,-1
3LGT2,31,0,0,0,1,0,77374,-1
3LGT2,32,0,0,0,1,0,79335,-1
3LGT2,33,1,0,1,1,0,81295,383
3LGT2,34,0,0,0,1,0,83254,-1
3LGT2,35,0,0,0,1,0,85214,-1
3LGT2,36,0,0,0,1,0,87174,-1
3LGT2,37,0,0,0,1,0,89134,-1
3LGT2,38,0,0,0,1,0,91096,-1
3LGT2,39,1,0,1,1,0,93057,380
3LGT2,40,0,0,0,1,0,95016,-1
3LGT2,41,1,0,1,1,0,96976,466
3LGT2,42,0,0,0,1,0,98932,-1
3LGT2,43,0,0,0,1,0,100894,-1
3LGT2,44,0,0,0,1,0,102852,-1
3LGT2,45,0,0,0,1,0,104811,-1
3LGT2,46,1,0,1,1,0,106769,323
3LGT2,47,0,0,0,1,0,108727,-1
3LGT2,48,0,0,0,1,0,110687,-1
3LGT2,49,0,0,0,1,0,112646,-1
3LGT2,50,0,0,0,1,0,114607,-1
3LGT2,51,0,0,0,1,0,116568,-1
3LGT2,52,0,0,0,1,0,118527,-1
3LGT2,53,0,0,0,1,0,120489,-1
3LGT2,54,0,0,0,1,0,122450,-1
3LGT2,55,0,0,0,1,0,124413,-1
3LGT2,56,0,0,0,1,0,126374,-1
3LGT2,57,1,0,1,1,0,128333,385
3LGT2,58,0,0,0,1,0,130290,-1
3LGT2,59,1,0,1,1,0,132249,373
3LGT2,60,0,0,0,1,0,134208,-1
3LGT2,61,0,0,0,1,0,136166,-1
3LGT2,62,0,0,0,1,0,138126,-1
3LGT2,63,1,0,1,1,0,140084,348
3LGT2,64,0,0,0,1,0,142040,-1
3LGT2,65,0,0,0,1,0,143999,-1
3LGT2,66,1,0,1,1,0,145960,355
3LGT2,67,1,0,1,1,0,147919,413
3LGT2,68,1,0,1,1,0,149878,289
3LGT2,69,0,0,0,1,0,151835,-1
3LGT2,70,1,0,1,1,0,153796,346
3LGT2,71,0,0,0,1,0,155755,-1
3LGT2,72,0,0,0,1,0,157715,-1
3LGT2,73,0,0,0,1,0,159674,-1
3LGT2,74,0,0,0,1,0,161634,-1
3LGT2,75,1,0,1,1,0,163596,376
3LGT2,76,1,0,1,1,0,165554,438
3LGT2,77,0,0,0,1,0,167512,-1
3LGT2,78,1,0,1,1,0,169474,378
3LGT2,79,0,0,0,1,0,171431,-1
3LGT2,80,1,0,1,1,0,173392,396
3LGT2,81,0,0,0,1,0,175350,-1
3LGT2,82,0,0,0,1,0,177311,-1
3LGT2,83,0,0,0,1,0,179270,-1
3LGT2,84,0,0,0,1,0,181232,-1
3LGT2,85,0,0,0,1,0,183191,-1
3LGT2,86,0,0,0,1,0,185151,-1
3LGT2,87,0,0,0,1,0,187110,-1
3LGT2,88,0,0,0,1,0,189069,-1
3LGT2,89,0,0,0,1,0,191029,-1
3LGT2,90,0,0,0,1,0,192988,-1
3LGT2,91,0,0,0,1,0,194947,-1
3LGT2,92,1,0,1,1,0,196908,389
3LGT2,93,0,0,0,1,0,198867,-1
3LGT2,94,0,0,0,1,0,200826,-1
3LGT2,95,1,0,1,1,0,202786,379
3LGT2,96,0,0,0,1,0,204744,-1
3LGT2,97,0,0,0,1,0,206705,-1
3LGT2,98,1,0,1,1,0,208667,503
3LGT2,99,0,0,0,1,0,210624,-1
3LGT2,100,0,0,0,1,0,212585,-1
3LGT2,101,0,0,0,1,0,214544,-1
3LGT2,102,0,0,0,1,0,216503,-1
3LGT2,103,0,0,0,1,0,218464,-1
3LGT2,104,0,0,0,1,0,220426,-1
3LGT2,105,0,0,0,1,0,222386,-1
3LGT2,106,0,0,0,1,0,224346,-1
3LGT2,107,0,0,0,1,0,226308,-1
3LGT2,108,0,0,0,1,0,228270,-1
3LGT2,109,0,0,0,1,0,230230,-1
3LGT2,110,0,0,0,1,0,232189,-1
3LGT2,111,0,0,0,1,0,234150,-1
3LGT2,112,0,0,0,1,0,236109,-1
3LGT2,113,0,0,0,1,0,238068,-1
3LGT2,114,0,0,0,1,0,240028,-1
3LGT2,115,0,0,0,1,0,241988,-1
3LGT2,116,0,0,0,1,0,243948,-1
3LGT2,117,0,0,0,1,0,245908,-1
3LGT2,118,1,0,1,1,0,247867,443
3LGT2,119,0,0,0,1,0,249825,-1
3LGT2,120,0,0,0,1,0,251784,-1
3LGT2,121,0,0,0,1,0,253745,-1
3LGT2,122,0,0,0,1,0,255705,-1
3LGT2,123,0,0,0,1,0,257666,-1
3LGT2,124,1,0,1,1,0,259627,354
3LGT2,125,0,0,0,1,0,261584,-1
3LGT2,126,0,0,0,1,0,263543,-1
3LGT2,127,0,0,0,1,0,265504,-1
3LGT2,128,0,0,0,1,0,267465,-1
3LGT2,129,0,0,0,1,0,269425,-1
3LGT2,130,0,0,0,1,0,271386,-1
3LGT2,131,0,0,0,1,0,273345,-1
3LGT2,132,0,0,0,1,0,275306,-1
3LGT2,133,0,0,0,1,0,277267,-1
3LGT2,134,0,0,0,1,0,279226,-1
3LGT2,135,0,0,0,1,0,281186,-1
3LGT2,136,0,0,0,1,0,283147,-1
3LGT2,137,0,0,0,1,0,285108,-1
3LGT2,138,1,0,1,1,0,287070,411
3LGT2,139,1,0,1,1,0,289029,371
3LGT2,140,0,0,0,1,0,290987,-1
3LGT2,141,0,0,0,1,0,292946,-1
3LGT2,142,0,0,0,1,0,294906,-1
3LGT2,143,0,0,0,1,0,296868,-1
3LGT2,144,0,0,0,1,0,298827,-1
3LGT2,145,0,0,0,1,0,300785,-1
3LGT2,146,0,0,0,1,0,302746,-1
3LGT2,147,0,0,0,1,0,304706,-1
3LGT2,148,1,0,1,1,0,306666,355
3LGT2,149,0,0,0,1,0,308624,-1
3LGT2,150,0,0,0,1,0,310584,-1
3LGT2,151,0,0,0,1,0,312544,-1
3LGT2,152,0,0,0,1,0,314506,-1
3LGT2,153,0,0,0,1,0,316465,-1
3LGT2,154,0,0,0,1,0,318424,-1
3LGT2,155,1,0,1,1,0,320383,497
3LGT2,156,1,0,1,1,0,322340,346
3LGT2,157,1,0,1,1,0,324298,345
3LGT2,158,1,0,1,1,0,326255,310
3LGT2,159,0,0,0,1,0,328213,-1
3LGT2,160,0,0,0,1,0,330175,-1
3LGT2,161,1,0,1,1,0,332135,414
3LGT2,162,1,0,1,1,0,334094,339
3LGT2,163,0,0,0,1,0,336052,-1
3LGT2,164,0,0,0,1,0,338012,-1
3LGT2,165,0,0,0,1,0,339972,-1
3LGT2,166,0,0,0,1,0,341933,-1
3LGT2,167,0,0,0,1,0,343893,-1
3LGT2,168,0,0,0,1,0,345852,-1
3LGT2,169,0,0,0,1,0,347813,-1
3LGT2,170,1,0,1,1,0,349774,392
3LGT2,171,0,0,0,1,0,351732,-1
3LGT2,172,0,0,0,1,0,353694,-1
3LGT2,173,0,0,0,1,0,355653,-1
3LGT2,174,0,0,0,1,0,357614,-1
3LGT2,175,0,0,0,1,0,359574,-1
3LGT2,176,1,0,1,1,0,361535,484
3LGT2,177,0,0,0,1,0,363494,-1
3LGT2,178,1,0,1,1,0,365454,390
3LGT2,179,0,0,0,1,0,367411,-1
3LGT2,180,0,0,0,1,0,369370,-1
3LGT2,181,0,0,0,1,0,371332,-1
3LGT2,182,1,0,1,1,0,373292,331
3LGT2,183,0,0,0,1,0,375250,-1
3LGT2,184,0,0,0,1,0,377210,-1
3LGT2,185,0,0,0,1,0,379170,-1
3LGT2,186,1,0,1,1,0,381129,367
3LGT2,187,1,0,1,1,0,383086,445
3LGT2,188,0,0,0,1,0,385044,-1
3LGT2,189,0,0,0,1,0,387003,-1
3LGT2,190,0,0,0,1,0,388964,-1
3LGT2,191,0,0,0,1,0,390924,-1
3LGT2,192,0,0,0,1,0,392884,-1
3LGT2,193,1,0,1,1,0,394845,347
3LGT2,194,0,0,0,1,0,396802,-1
3LGT2,195,0,0,0,1,0,398759,-1
3LGT2,196,0,0,0,1,0,400721,-1
3LGT2,197,0,0,0,1,0,402681,-1
3LGT2,198,0,0,0,1,0,404640,-1
3LGT2,199,0,0,0,1,0,406601,-1
3LGT2,200,0,0,0,1,0,408561,-1
3LGT2,201,1,0,1,1,0,410522,412
3LGT2,202,0,0,0,1,0,412479,-1
3LGT2,203,1,0,1,1,0,414439,349
3LGT2,204,0,0,0,1,0,416396,-1
3LGT2,205,0,0,0,1,0,418357,-1
3LGT2,206,0,0,0,1,0,420316,-1
3LGT2,207,0,0,0,1,0,422276,-1
3LGT2,208,0,0,0,1,0,424235,-1
3LGT2,209,0,0,0,1,0,426194,-1
3LGT2,210,1,0,1,1,0,428154,431
3LGT2,211,0,0,0,1,0,430112,-1
3LGT2,212,0,0,0,1,0,432073,-1
3LGT2,213,0,0,0,1,0,434034,-1
3LGT2,214,0,0,0,1,0,435992,-1
3LGT2,215,0,0,0,1,0,437951,-1
3LGT2,216,0,0,0,1,0,439911,-1
3LGT2,217,1,0,1,1,0,441870,405
3LGT2,218,0,0,0,1,0,443827,-1
3LGT2,219,0,0,0,1,0,445788,-1
3LGT2,220,0,0,0,1,0,447747,-1
3LGT2,221,1,0,1,1,0,449706,371
3LGT2,222,0,0,0,1,0,451665,-1
3LGT2,223,0,0,0,1,0,453625,-1
3LGT2,224,0,0,0,1,0,455584,-1
3LGT2,225,1,0,1,1,0,457545,452
3LGT2,226,0,0,0,1,0,459503,-1
3LGT2,227,0,0,0,1,0,461466,-1
3LGT2,228,0,0,0,1,0,463426,-1
3LGT2,229,0,0,0,1,0,465386,-1
3LGT2,230,0,0,0,1,0,467346,-1
3LGT2,231,0,0,0,1,0,469308,-1
3LGT2,232,0,0,0,1,0,471269,-1
3LGT2,233,0,0,0,1,0,473230,-1
3LGT2,234,1,0,1,1,0,475189,417
3LGT2,235,0,0,0,1,0,477147,-1
3LGT2,236,1,0,1,1,0,479107,476
3LGT2,237,1,0,1,1,0,481065,346
3LGT2,238,0,0,0,1,0,483022,-1
3LGT2,239,0,0,0,1,0,484983,-1
3LGT2,240,0,0,0,1,0,486944,-1
3LGT2,241,0,0,0,1,0,488906,-1
3LGT2,242,0,0,0,1,0,490866,-1
3LGT2,243,1,0,1,1,0,492827,477
3LGT2,244,0,0,0,1,0,494786,-1
3LGT2,245,0,0,0,1,0,496746,-1
3LGT2,246,0,0,0,1,0,498707,-1
3LGT2,247,0,0,0,1,0,500668,-1
3LGT2,248,0,0,0,1,0,502630,-1
3LGT2,249,1,0,1,1,0,504590,477
3LGT2,250,1,0,1,1,0,506548,338
3LGT2,251,0,0,0,1,0,508506,-1
3LGT2,252,0,0,0,1,0,510466,-1
3LGT2,253,0,0,0,1,0,512428,-1
3LGT2,254,0,0,0,1,0,514388,-1
3LGT2,255,0,0,0,1,0,516348,-1
3LGT2,256,0,0,0,1,0,518309,-1
3LGT2,257,0,0,0,1,0,520268,-1
3LGT2,258,0,0,0,1,0,522229,-1
3LGT2,259,1,0,1,1,0,524190,370
3LGT2,260,0,0,0,1,0,526149,-1
3LGT2,261,1,0,1,1,0,528107,367
3LGT2,262,0,0,0,1,0,530065,-1
3LGT2,263,0,0,0,1,0,532026,-1
3LGT2,264,0,0,0,1,0,533986,-1
3LGT2,265,1,0,1,1,0,535947,383
3LGT2,266,0,0,0,1,0,537906,-1
3LGT2,267,0,0,0,1,0,539866,-1
3LGT2,268,0,0,0,1,0,541826,-1
3LGT2,269,1,0,1,1,0,543785,440
3LGT2,270,1,0,1,1,0,545743,363
3LGT2,271,1,0,1,1,0,547700,364
3LGT2,272,1,0,1,1,0,549656,347
3LGT2,273,0,0,0,1,0,551614,-1
3LGT2,274,0,0,0,1,0,553574,-1
3LGT2,275,0,0,0,1,0,555532,-1
3LGT2,276,0,0,0,1,0,557491,-1
3LGT2,277,1,0,1,1,0,559452,401
3LGT2,278,0,0,0,1,0,561410,-1
3LGT2,279,0,0,0,1,0,563370,-1
3LGT2,280,0,0,0,1,0,565331,-1
3LGT2,281,0,0,0,1,0,567291,-1
3LGT2,282,0,0,0,1,0,569254,-1
3LGT2,283,0,0,0,1,0,571214,-1
3LGT2,284,0,0,0,1,0,573176,-1
3LGT2,285,1,0,1,1,0,575135,424
3LGT2,286,1,0,1,1,0,577091,343
3LGT2,287,0,0,0,1,0,579051,-1
3LGT2,288,0,0,0,1,0,581009,-1
3LGT2,289,0,0,0,1,0,582970,-1
3LGT2,290,1,0,1,1,0,584929,338
3LGT2,291,0,0,0,1,0,586888,-1
3LGT2,292,1,0,1,1,0,588849,324
3LGT2,293,0,0,0,1,0,590805,-1
3LGT2,294,1,0,1,1,0,592766,349
3LGT2,295,0,0,0,1,0,594723,-1
3LGT2,296,1,0,1,1,0,596684,332
3LGT2,297,0,0,0,1,0,598642,-1
3LGT2,298,0,0,0,1,0,600602,-1
3LGT2,299,0,0,0,1,0,602562,-1
3LGT2,300,0,0,0,1,0,604522,-1
3LGT2,301,0,0,0,1,0,606482,-1
3LGT2,302,0,0,0,1,0,608444,-1
3LGT2,303,0,0,0,1,0,610404,-1
3LGT2,304,1,0,1,1,0,612364,374
3LGT2,305,0,0,0,1,0,614321,-1
3LGT2,306,0,0,0,1,0,616281,-1
3LGT2,307,0,0,0,1,0,618240,-1
3LGT2,308,1,0,1,1,0,620200,414
3LGT2,309,1,0,1,1,0,622155,373
3LGT2,310,0,0,0,1,0,624114,-1
3LGT2,311,0,0,0,1,0,626073,-1
3LGT2,312,0,0,0,1,0,628036,-1
3LGT2,313,0,0,0,1,0,629997,-1
3LGT2,314,0,0,0,1,0,631958,-1
3LGT2,315,0,0,0,1,0,633916,-1
3LGT2,316,1,0,1,1,0,635878,369
3LGT2,317,0,0,0,1,0,637836,-1
3LGT2,318,0,0,0,1,0,639797,-1
3LGT2,319,1,0,1,1,0,641759,334
3LGT2,320,1,0,1,1,0,643716,307
3LGT2,321,0,0,0,1,0,645674,-1
3LGT2,322,1,0,1,1,0,647634,354
3LGT2,323,1,0,1,1,0,649592,297
3LGT2,324,1,0,1,1,0,651550,326
3LGT2,325,1,0,1,1,0,653506,337
3LGT2,326,1,0,1,1,0,655464,298
3LGT2,327,1,0,1,1,0,657423,325
3LGT2,328,1,0,1,1,0,659382,286
3LGT2,329,1,0,1,1,0,661338,291
3LGT2,330,0,0,0,1,0,663296,-1
3LGT2,331,1,0,1,1,0,665258,322
3LGT2,332,1,0,1,1,0,667217,319
3LGT2,333,1,0,1,1,0,669176,297
3LGT2,334,1,0,1,1,0,671133,304
3LGT2,335,0,0,0,1,0,673092,-1
3LGT2,336,1,0,1,1,0,675051,360
3LGT2,337,1,0,1,1,0,677008,302
3LGT2,338,1,0,1,1,0,678966,288
3LGT2,339,1,0,1,1,0,680924,279
3LGT2,340,1,0,1,1,0,682881,283
3LGT2,341,1,0,1,1,0,684840,291
3LGT2,342,1,0,1,1,0,686798,293
3LGT2,343,1,0,1,1,0,688756,333
3LGT2,344,1,0,1,1,0,690715,286
3LGT2,345,1,0,1,1,0,692674,278
3LGT2,346,1,0,1,1,0,694630,277
3LGT2,347,1,0,1,1,0,696587,283
3LGT2,348,1,0,1,1,0,698545,264
3LGT2,349,0,0,0,1,0,700504,-1
3LGT2,350,1,0,1,1,0,702466,265
3LGT2,351,1,0,1,1,0,704422,286
3LGT2,352,1,0,1,1,0,706380,312
3LGT2,353,1,0,1,1,0,708338,290
3LGT2,354,1,0,1,1,0,710297,267
3LGT2,355,1,0,1,1,0,712254,289
3LGT2,356,0,0,0,1,0,714212,-1
3LGT2,357,1,0,1,1,0,716173,287
3LGT2,358,1,0,1,1,0,718132,309
3LGT2,359,1,0,1,1,0,720088,297
3LGT2,360,0,0,0,1,0,722046,-1
3LGT2,361,1,0,1,1,0,724006,412
3LGT2,362,1,0,1,1,0,725963,314
3LGT2,363,1,0,1,1,0,727921,307
3LGT2,364,1,0,1,1,0,729880,321
3LGT2,365,1,0,1,1,0,731836,369
3LGT2,366,1,0,1,1,0,733793,330
3LGT2,367,1,0,1,1,0,735752,350
3LGT2,368,1,0,1,1,0,737710,348
3LGT2,369,1,0,1,1,0,739667,321
3LGT2,370,0,0,0,1,0,741626,-1
3LGT2,371,1,0,1,1,0,743586,286
3LGT2,372,1,0,1,1,0,745543,322
3LGT2,373,1,0,1,1,0,747502,274
3LGT2,374,1,0,1,1,0,749460,289
3LGT2,375,0,0,1,0,0,751416,291
3LGT2,376,0,0,0,1,0,753374,-1
3LGT2,377,1,0,1,1,0,755334,364
3LGT2,378,1,0,1,1,0,757294,401
3LGT2,379,1,0,1,1,0,759252,320
3LGT2,380,1,0,1,1,0,761210,326
3LGT2,381,1,0,1,1,0,763169,324
3LGT2,382,1,0,1,1,0,765128,332
3LGT2,383,0,0,0,1,0,767086,-1
3LGT2,384,1,0,1,1,0,769047,394
3LGT2,385,1,0,1,1,0,771005,388
3LGT2,386,0,0,0,1,0,772963,-1
3LGT2,387,0,0,0,1,0,774922,-1
3LGT2,388,0,0,0,1,0,776879,-1
3LGT2,389,0,0,0,1,0,778840,-1
3LGT2,390,1,0,1,1,0,780800,358
3LGT2,391,0,0,0,1,0,782757,-1
3LGT2,392,0,0,0,1,0,784715,-1
3LGT2,393,1,0,1,1,0,786676,421
3LGT2,394,1,0,1,1,0,788635,397
3LGT2,395,1,0,1,1,0,790593,338
3LGT2,396,0,0,0,1,0,792550,-1
3LGT2,397,1,0,1,1,0,794509,305
3LGT2,398,1,0,1,1,0,796468,328
3LGT2,399,0,0,0,1,0,798425,-1
3LGT2,400,1,0,1,1,0,800384,377
3LGT2,401,1,0,1,1,0,802342,412
3LGT2,402,1,0,1,1,0,804299,333
3LGT2,403,1,0,1,1,0,806256,361
3LGT2,404,1,0,1,1,0,808213,356
3LGT2,405,1,0,1,1,0,810170,380
3LGT2,406,1,0,1,1,0,812130,334
3LGT2,407,1,0,1,1,0,814087,343
3LGT2,408,1,0,1,1,0,816046,331
3LGT2,409,1,0,1,1,0,818004,340
3LGT2,410,1,0,1,1,0,819960,412
3LGT2,411,1,0,1,1,0,821916,293
3LGT2,412,1,0,1,1,0,823876,293
3LGT2,413,1,0,1,1,0,825834,285
3LGT2,414,0,0,0,1,0,827792,-1
3LGT2,415,0,0,0,1,0,829750,-1
3LGT2,416,1,0,1,1,0,831710,448
3LGT2,417,1,0,1,1,0,833668,404
3LGT2,418,1,0,1,1,0,835624,376
3LGT2,419,0,0,0,1,0,837580,-1
3LGT2,420,1,0,1,1,0,839540,365
3LGT2,421,0,0,0,1,0,841498,-1
3LGT2,422,1,0,1,1,0,843460,369
3LGT2,423,1,0,1,1,0,845417,319
3LGT2,424,1,0,1,1,0,847375,321
3LGT2,425,1,0,1,1,0,849331,309
3LGT2,426,1,0,1,1,0,851287,322
3LGT2,427,1,0,1,1,0,853246,310
3LGT2,428,1,0,1,1,0,855205,279
3LGT2,429,1,0,1,1,0,857163,334
3LGT2,430,1,0,1,1,0,859120,367
3LGT2,431,1,0,1,1,0,861076,287
3LGT2,432,1,0,1,1,0,863035,327
3LGT2,433,0,0,0,1,0,864992,-1
3LGT2,434,0,0,0,1,0,866951,-1
3LGT2,435,1,0,1,1,0,868914,433
3LGT2,436,1,0,1,1,0,870872,352
3LGT2,437,1,0,1,1,0,872828,287
3LGT2,438,1,0,1,1,0,874785,370
3LGT2,439,1,0,1,1,0,876742,308
3LGT2,440,1,0,1,1,0,878700,309
3LGT2,441,1,0,1,1,0,880656,286
3LGT2,442,1,0,1,1,0,882615,317
3LGT2,443,1,0,1,1,0,884572,329
3LGT2,444,0,0,1,0,0,886528,321
3LGT2,445,1,0,1,1,0,888486,315
3LGT2,446,1,0,1,1,0,890445,330
3LGT2,447,1,0,1,1,0,892404,316
3LGT2,448,1,0,1,1,0,894362,308
3LGT2,449,1,0,1,1,0,896319,313
3LGT2,450,1,0,1,1,0,898278,311
3LGT2,451,1,0,1,1,0,900237,317
3LGT2,452,1,0,1,1,0,902195,321
3LGT2,453,1,0,1,1,0,904152,320
3LGT2,454,0,0,0,1,0,906110,-1
3LGT2,455,1,0,1,1,0,908071,387
3LGT2,456,0,0,0,1,0,910029,-1
3LGT2,457,1,0,1,1,0,911989,536
3LGT2,458,1,0,1,1,0,913948,385
3LGT2,459,0,0,0,1,0,915904,-1
3LGT2,460,1,0,1,1,0,917866,370
3LGT2,461,1,0,1,1,0,919824,330
3LGT2,462,1,0,1,1,0,921782,366
3LGT2,463,1,0,1,1,0,923740,299
3LGT2,464,1,0,1,1,0,925698,311
3LGT2,465,1,0,1,1,0,927654,429
3LGT2,466,1,0,1,1,0,929611,329
3LGT2,467,1,0,1,1,0,931570,313
3LGT2,468,1,0,1,1,0,933528,298
3LGT2,469,1,0,1,1,0,935484,304
3LGT2,470,0,0,0,1,0,937442,-1
3LGT2,471,1,0,1,1,0,939402,328
3LGT2,472,1,0,1,1,0,941360,300
3LGT2,473,1,0,1,1,0,943317,275
3LGT2,474,1,0,1,1,0,945276,283
3LGT2,475,1,0,1,1,0,947234,274
3LGT2,476,1,0,1,1,0,949193,267
3LGT2,477,0,0,0,1,0,951151,-1
3LGT2,478,1,0,1,1,0,953111,285
3LGT2,479,0,0,0,1,0,955068,-1
3LGT2,480,1,0,1,1,0,957028,264
3LGT2,481,0,0,0,1,0,958986,-1
3LGT2,482,1,0,1,1,0,960947,349
3LGT2,483,1,0,1,1,0,962906,394
3LGT2,484,1,0,1,1,0,964865,293
3LGT2,485,0,0,0,1,0,966823,-1
3LGT2,486,0,0,0,1,0,968785,-1
3LGT2,487,0,0,0,1,0,970745,-1
3LGT2,488,0,0,0,1,0,972705,-1
3LGT2,489,1,0,1,1,0,974665,286
3LGT2,490,1,0,1,1,0,976621,319
3LGT2,491,1,0,1,1,0,978579,394
3LGT2,492,1,0,1,1,0,980538,324
3LGT2,493,0,0,0,1,0,982495,-1
3LGT2,494,1,0,1,1,0,984454,410
3LGT2,495,1,0,1,1,0,986413,305
3LGT2,496,1,0,1,1,0,988372,317
3LGT2,497,1,0,1,1,0,990330,359
3LGT2,498,1,0,1,1,0,992288,296
3LGT2,499,0,0,0,1,0,994246,-1
3LGT2,500,1,0,1,1,0,996206,436
3LGT2,501,1,0,1,1,0,998163,347
3LGT2,502,1,0,1,1,0,1000120,265
3LGT2,503,1,0,1,1,0,1002077,319
3LGT2,504,0,0,0,1,0,1004037,-1
3LGT2,505,1,0,1,1,0,1005998,255
3LGT2,506,1,0,1,1,0,1007954,375
3LGT2,507,0,0,0,1,0,1009912,-1
3LGT2,508,1,0,1,1,0,1011871,340
3LGT2,509,1,0,1,1,0,1013828,273
3LGT2,510,1,0,1,1,0,1015787,292
3LGT2,511,1,0,1,1,0,1017744,283
3LGT2,512,1,0,1,1,0,1019703,285
3LGT2,513,0,0,0,1,0,1021662,-1
3LGT2,514,1,0,1,1,0,1023621,344
3LGT2,515,1,0,1,1,0,1025580,308
3LGT2,516,1,0,1,1,0,1027539,330
3LGT2,517,1,0,1,1,0,1029496,310
3LGT2,518,1,0,1,1,0,1031454,348
3LGT2,519,1,0,1,1,0,1033412,267
3LGT2,520,0,0,1,0,0,1035373,293
3LGT2,521,1,0,1,1,0,1037332,308
3LGT2,522,1,0,1,1,0,1039291,321
3LGT2,523,1,0,1,1,0,1041249,449
3LGT2,524,1,0,1,1,0,1043207,316
3LGT2,525,0,0,0,1,0,1045166,-1
3LGT2,526,1,0,1,1,0,1047125,288
3LGT2,527,1,0,1,1,0,1049085,320
3LGT2,528,1,0,1,1,0,1051043,488
3LGT2,529,0,0,0,1,0,1053001,-1
3LGT2,530,1,0,1,1,0,1054961,316
3LGT2,531,0,0,0,1,0,1056919,-1
3LGT2,532,1,0,1,1,0,1058880,349
3LGT2,533,1,0,1,1,0,1060838,426
3LGT2,534,1,0,1,1,0,1062795,447
3LGT2,535,1,0,1,1,0,1064753,494
3LGT2,536,0,0,0,1,0,1066711,-1
3LGT2,537,1,0,1,1,0,1068673,357
3LGT2,538,0,0,0,1,0,1070631,-1
3LGT2,539,1,0,1,1,0,1072592,342
3LGT2,540,1,0,1,1,0,1074550,325
3LGT2,541,1,0,1,1,0,1076508,323
3LGT2,542,1,0,1,1,0,1078465,387
3LGT2,543,1,0,1,1,0,1080424,325
3LGT2,544,1,0,1,1,0,1082381,371
3LGT2,545,0,0,0,1,0,1084340,-1
3LGT2,546,1,0,1,1,0,1086299,351
3LGT2,547,1,0,1,1,0,1088257,327
3LGT2,548,1,0,1,1,0,1090214,360
3LGT2,549,1,0,1,1,0,1092174,313
3LGT2,550,1,0,1,1,0,1094134,363
3LGT2,551,1,0,1,1,0,1096092,364
3LGT2,552,1,0,1,1,0,1098051,363
3LGT2,553,1,0,1,1,0,1100007,381
3LGT2,554,0,0,0,1,0,1101966,-1
3LGT2,555,1,0,1,1,0,1103927,338
3LGT2,556,1,0,1,1,0,1105886,343
3LGT2,557,1,0,1,1,0,1107844,429
3LGT2,558,0,0,0,1,0,1109801,-1
3LGT2,559,1,0,1,1,0,1111763,365
3LGT2,560,0,0,0,1,0,1113720,-1
3LGT2,561,1,0,1,1,0,1115680,343
3LGT2,562,0,0,0,1,0,1117638,-1
3LGT2,563,1,0,1,1,0,1119600,338
3LGT2,564,1,0,1,1,0,1121558,423
3LGT2,565,0,0,0,1,0,1123516,-1
3LGT2,566,0,0,0,1,0,1125477,-1
3LGT2,567,0,0,0,1,0,1127438,-1
3LGT2,568,0,0,0,1,0,1129398,-1
3LGT2,569,1,0,1,1,0,1131357,368
3LGT2,570,1,0,1,1,0,1133316,384
3LGT2,571,1,0,1,1,0,1135274,427
3LGT2,572,1,0,1,1,0,1137232,389
3LGT2,573,0,0,0,1,0,1139191,-1
3LGT2,574,1,0,1,1,0,1141150,312
3LGT2,575,1,0,1,1,0,1143110,400
3LGT2,576,0,0,0,1,0,1145068,-1
3LGT2,577,0,0,0,1,0,1147029,-1
3LGT2,578,1,0,1,1,0,1148990,369
3LGT2,579,1,0,1,1,0,1150947,436
3LGT2,580,1,0,1,1,0,1152907,340
3LGT2,581,1,0,1,1,0,1154865,350
3LGT2,582,1,0,1,1,0,1156824,328
3LGT2,583,1,0,1,1,0,1158782,386
3LGT2,584,1,0,1,1,0,1160738,376
3LGT2,585,0,0,0,1,0,1162698,-1
3LGT2,586,1,0,1,1,0,1164657,373
3LGT2,587,1,0,1,1,0,1166614,357
3LGT2,588,1,0,1,1,0,1168571,314
3LGT2,589,0,0,0,1,0,1170530,-1
3LGT2,590,0,0,0,1,0,1172492,-1
3LGT2,591,1,0,1,1,0,1174450,380
3LGT2,592,1,0,1,1,0,1176410,302
3LGT2,593,1,0,1,1,0,1178367,349
3LGT2,594,1,0,1,1,0,1180325,320
3LGT2,595,1,0,1,1,0,1182283,368
3LGT2,596,1,0,1,1,0,1184239,323
3LGT2,597,1,0,1,1,0,1186199,405
3LGT2,598,1,0,1,1,0,1188155,310
3LGT2,599,1,0,1,1,0,1190114,319
3LGT2,600,1,0,1,1,0,1192073,374
3LGT2,601,1,0,1,1,0,1194032,382
3LGT2,602,0,0,0,1,0,1195990,-1
3LGT2,603,1,0,1,1,0,1197953,411
3LGT2,604,1,0,1,1,0,1199912,361
3LGT2,605,1,0,1,1,0,1201872,509
3LGT2,606,1,0,1,1,0,1203830,510
3LGT2,607,1,0,1,1,0,1205790,332
3LGT2,608,0,0,0,1,0,1207749,-1
3LGT2,609,0,0,0,1,0,1209708,-1
3LGT2,610,1,0,1,1,0,1211668,436
3LGT2,611,1,0,1,1,0,1213626,359
3LGT2,612,1,0,1,1,0,1215584,345
3LGT2,613,0,0,0,1,0,1217543,-1
3LGT2,614,1,0,1,1,0,1219504,420
3LGT2,615,1,0,1,1,0,1221462,378
3LGT2,616,1,0,1,1,0,1223420,336
3LGT2,617,1,0,1,1,0,1225377,389
3LGT2,618,0,0,0,1,0,1227335,-1
3LGT2,619,0,0,0,1,0,1229296,-1
3LGT2,620,1,0,1,1,0,1231255,330
3LGT2,621,0,0,0,1,0,1233212,-1
3LGT2,622,1,0,1,1,0,1235173,383
3LGT2,623,1,0,1,1,0,1237133,335
3LGT2,624,1,0,1,1,0,1239092,383
3LGT2,625,1,0,1,1,0,1241050,342
3LGT2,626,1,0,1,1,0,1243006,325
3LGT2,627,0,0,0,1,0,1244964,-1
3LGT2,628,1,0,1,1,0,1246924,352
3LGT2,629,1,0,1,1,0,1248882,328
3LGT2,630,1,0,1,1,0,1250840,313
3LGT2,631,1,0,1,1,0,1252800,314
3LGT2,632,1,0,1,1,0,1254758,313
3LGT2,633,1,0,1,1,0,1256715,327
3LGT2,634,1,0,1,1,0,1258673,315
3LGT2,635,1,0,1,1,0,1260631,329
3LGT2,636,0,0,0,1,0,1262590,-1
3LGT2,637,1,0,1,1,0,1264551,351
3LGT2,638,0,0,0,1,0,1266508,-1
3LGT2,639,1,0,1,1,0,1268471,320
